NAME,TITLE
AC-1,ACCESS CONTROL POLICY AND PROCEDURES
AC-1a.
AC-1a.1.
AC-1a.2.
AC-1b.
AC-1b.1.
AC-1b.2.
AC-2,ACCOUNT MANAGEMENT
AC-2a.
AC-2b.
AC-2c.
AC-2d.
AC-2e.
AC-2f.
AC-2g.
AC-2h.
AC-2h.1.
AC-2h.2.
AC-2h.3.
AC-2i.
AC-2i.1.
AC-2i.2.
AC-2i.3.
AC-2j.
AC-2k.
AC-2 (1),AUTOMATED SYSTEM ACCOUNT MANAGEMENT
AC-2 (2),REMOVAL OF TEMPORARY / EMERGENCY ACCOUNTS
AC-2 (3),DISABLE INACTIVE ACCOUNTS
AC-2 (4),AUTOMATED AUDIT ACTIONS
AC-2 (5),INACTIVITY LOGOUT
AC-2 (6),DYNAMIC PRIVILEGE MANAGEMENT
AC-2 (7),ROLE-BASED SCHEMES
AC-2 (7)(a)
AC-2 (7)(b)
AC-2 (7)(c)
AC-2 (8),DYNAMIC ACCOUNT CREATION
AC-2 (9),RESTRICTIONS ON USE OF SHARED / GROUP ACCOUNTS
AC-2 (10),SHARED / GROUP ACCOUNT CREDENTIAL TERMINATION
AC-2 (11),USAGE CONDITIONS
AC-2 (12),ACCOUNT MONITORING / ATYPICAL USAGE
AC-2 (12)(a)
AC-2 (12)(b)
AC-2 (13),DISABLE ACCOUNTS FOR HIGH-RISK INDIVIDUALS
AC-3,ACCESS ENFORCEMENT
AC-3 (1),RESTRICTED ACCESS TO PRIVILEGED FUNCTIONS
AC-3 (2),DUAL AUTHORIZATION
AC-3 (3),MANDATORY ACCESS CONTROL
AC-3 (3)(a)
AC-3 (3)(b)
AC-3 (3)(b)(1)
AC-3 (3)(b)(2)
AC-3 (3)(b)(3)
AC-3 (3)(b)(4)
AC-3 (3)(b)(5)
AC-3 (3)(c)
AC-3 (4),DISCRETIONARY ACCESS CONTROL
AC-3 (4)(a)
AC-3 (4)(b)
AC-3 (4)(c)
AC-3 (4)(d)
AC-3 (4)(e)
AC-3 (5),SECURITY-RELEVANT INFORMATION
AC-3 (6),PROTECTION OF USER AND SYSTEM INFORMATION
AC-3 (7),ROLE-BASED ACCESS CONTROL
AC-3 (8),REVOCATION OF ACCESS AUTHORIZATIONS
AC-3 (9),CONTROLLED RELEASE
AC-3 (9)(a)
AC-3 (9)(b)
AC-3 (10),AUDITED OVERRIDE OF ACCESS CONTROL MECHANISMS
AC-4,INFORMATION FLOW ENFORCEMENT
AC-4 (1),OBJECT SECURITY ATTRIBUTES
AC-4 (2),PROCESSING DOMAINS
AC-4 (3),DYNAMIC INFORMATION FLOW CONTROL
AC-4 (4),CONTENT CHECK ENCRYPTED INFORMATION
AC-4 (5),EMBEDDED DATA TYPES
AC-4 (6),METADATA
AC-4 (7),ONE-WAY FLOW MECHANISMS
AC-4 (8),SECURITY POLICY FILTERS
AC-4 (9),HUMAN REVIEWS
AC-4 (10),ENABLE / DISABLE SECURITY POLICY FILTERS
AC-4 (11),CONFIGURATION OF SECURITY POLICY FILTERS
AC-4 (12),DATA TYPE IDENTIFIERS
AC-4 (13),DECOMPOSITION INTO POLICY-RELEVANT SUBCOMPONENTS
AC-4 (14),SECURITY POLICY FILTER CONSTRAINTS
AC-4 (15),DETECTION OF UNSANCTIONED INFORMATION
AC-4 (16),INFORMATION TRANSFERS ON INTERCONNECTED SYSTEMS
AC-4 (17),DOMAIN AUTHENTICATION
AC-4 (18),SECURITY ATTRIBUTE BINDING
AC-4 (19),VALIDATION OF METADATA
AC-4 (20),APPROVED SOLUTIONS
AC-4 (21),PHYSICAL / LOGICAL SEPARATION OF INFORMATION FLOWS
AC-4 (22),ACCESS ONLY
AC-5,SEPARATION OF DUTIES
AC-5a.
AC-5b.
AC-5c.
AC-6,LEAST PRIVILEGE
AC-6 (1),AUTHORIZE ACCESS TO SECURITY FUNCTIONS
AC-6 (2),NON-PRIVILEGED ACCESS FOR NONSECURITY FUNCTIONS
AC-6 (3),NETWORK ACCESS TO PRIVILEGED COMMANDS
AC-6 (4),SEPARATE PROCESSING DOMAINS
AC-6 (5),PRIVILEGED ACCOUNTS
AC-6 (6),PRIVILEGED ACCESS BY NON-ORGANIZATIONAL USERS
AC-6 (7),REVIEW OF USER PRIVILEGES
AC-6 (7)(a)
AC-6 (7)(b)
AC-6 (8),PRIVILEGE LEVELS FOR CODE EXECUTION
AC-6 (9),AUDITING USE OF PRIVILEGED FUNCTIONS
AC-6 (10),PROHIBIT NON-PRIVILEGED USERS FROM EXECUTING PRIVILEGED FUNCTIONS
AC-7,UNSUCCESSFUL LOGON ATTEMPTS
AC-7a.
AC-7b.
AC-7 (1),AUTOMATIC ACCOUNT LOCK
AC-7 (2),PURGE / WIPE MOBILE DEVICE
AC-8,SYSTEM USE NOTIFICATION
AC-8a.
AC-8a.1.
AC-8a.2.
AC-8a.3.
AC-8a.4.
AC-8b.
AC-8c.
AC-8c.1.
AC-8c.2.
AC-8c.3.
AC-9,PREVIOUS LOGON (ACCESS) NOTIFICATION
AC-9 (1),UNSUCCESSFUL LOGONS
AC-9 (2),SUCCESSFUL / UNSUCCESSFUL LOGONS
AC-9 (3),NOTIFICATION OF ACCOUNT CHANGES
AC-9 (4),ADDITIONAL LOGON INFORMATION
AC-10,CONCURRENT SESSION CONTROL
AC-11,SESSION LOCK
AC-11a.
AC-11b.
AC-11 (1),PATTERN-HIDING DISPLAYS
AC-12,SESSION TERMINATION
AC-12 (1),USER-INITIATED LOGOUTS / MESSAGE DISPLAYS
AC-12 (1)(a)
AC-12 (1)(b)
AC-13,SUPERVISION AND REVIEW - ACCESS CONTROL
AC-14,PERMITTED ACTIONS WITHOUT IDENTIFICATION OR AUTHENTICATION
AC-14a.
AC-14b.
AC-14 (1),NECESSARY USES
AC-15,AUTOMATED MARKING
AC-16,SECURITY ATTRIBUTES
AC-16a.
AC-16b.
AC-16c.
AC-16d.
AC-16 (1),DYNAMIC ATTRIBUTE ASSOCIATION
AC-16 (2),ATTRIBUTE VALUE CHANGES BY AUTHORIZED INDIVIDUALS
AC-16 (3),MAINTENANCE OF ATTRIBUTE ASSOCIATIONS BY INFORMATION SYSTEM
AC-16 (4),ASSOCIATION OF ATTRIBUTES BY AUTHORIZED INDIVIDUALS
AC-16 (5),ATTRIBUTE DISPLAYS FOR OUTPUT DEVICES
AC-16 (6),MAINTENANCE OF ATTRIBUTE ASSOCIATION BY ORGANIZATION
AC-16 (7),CONSISTENT ATTRIBUTE INTERPRETATION
AC-16 (8),ASSOCIATION TECHNIQUES / TECHNOLOGIES
AC-16 (9),ATTRIBUTE REASSIGNMENT
AC-16 (10),ATTRIBUTE CONFIGURATION BY AUTHORIZED INDIVIDUALS
AC-17,REMOTE ACCESS
AC-17a.
AC-17b.
AC-17 (1),AUTOMATED MONITORING / CONTROL
AC-17 (2),PROTECTION OF CONFIDENTIALITY / INTEGRITY USING ENCRYPTION
AC-17 (3),MANAGED ACCESS CONTROL POINTS
AC-17 (4),PRIVILEGED COMMANDS / ACCESS
AC-17 (4)(a)
AC-17 (4)(b)
AC-17 (5),MONITORING FOR UNAUTHORIZED CONNECTIONS
AC-17 (6),PROTECTION OF INFORMATION
AC-17 (7),ADDITIONAL PROTECTION FOR SECURITY FUNCTION ACCESS
AC-17 (8),DISABLE NONSECURE NETWORK PROTOCOLS
AC-17 (9),DISCONNECT / DISABLE ACCESS
AC-18,WIRELESS ACCESS
AC-18a.
AC-18b.
AC-18 (1),AUTHENTICATION AND ENCRYPTION
AC-18 (2),MONITORING UNAUTHORIZED CONNECTIONS
AC-18 (3),DISABLE WIRELESS NETWORKING
AC-18 (4),RESTRICT CONFIGURATIONS BY USERS
AC-18 (5),ANTENNAS / TRANSMISSION POWER LEVELS
AC-19,ACCESS CONTROL FOR MOBILE DEVICES
AC-19a.
AC-19b.
AC-19 (1),USE OF  WRITABLE / PORTABLE STORAGE DEVICES
AC-19 (2),USE OF PERSONALLY OWNED PORTABLE STORAGE DEVICES
AC-19 (3),USE OF PORTABLE STORAGE DEVICES WITH NO IDENTIFIABLE OWNER
AC-19 (4),RESTRICTIONS FOR CLASSIFIED INFORMATION
AC-19 (4)(a)
AC-19 (4)(b)
AC-19 (4)(b)(1)
AC-19 (4)(b)(2)
AC-19 (4)(b)(3)
AC-19 (4)(b)(4)
AC-19 (4)(c)
AC-19 (5),FULL DEVICE / CONTAINER-BASED  ENCRYPTION
AC-20,USE OF EXTERNAL INFORMATION SYSTEMS
AC-20a.
AC-20b.
AC-20 (1),LIMITS ON AUTHORIZED USE
AC-20 (1)(a)
AC-20 (1)(b)
AC-20 (2),PORTABLE STORAGE DEVICES
AC-20 (3),NON-ORGANIZATIONALLY OWNED SYSTEMS / COMPONENTS / DEVICES
AC-20 (4),NETWORK ACCESSIBLE STORAGE DEVICES
AC-21,INFORMATION SHARING
AC-21a.
AC-21b.
AC-21 (1),AUTOMATED DECISION SUPPORT
AC-21 (2),INFORMATION SEARCH AND RETRIEVAL
AC-22,PUBLICLY ACCESSIBLE CONTENT
AC-22a.
AC-22b.
AC-22c.
AC-22d.
AC-23,DATA MINING PROTECTION
AC-24,ACCESS CONTROL DECISIONS
AC-24 (1),TRANSMIT ACCESS AUTHORIZATION INFORMATION
AC-24 (2),NO USER OR PROCESS IDENTITY
AC-25,REFERENCE MONITOR
AT-1,SECURITY AWARENESS AND TRAINING POLICY AND PROCEDURES
AT-1a.
AT-1a.1.
AT-1a.2.
AT-1b.
AT-1b.1.
AT-1b.2.
AT-2,SECURITY AWARENESS TRAINING
AT-2a.
AT-2b.
AT-2c.
AT-2 (1),PRACTICAL EXERCISES
AT-2 (2),INSIDER THREAT
AT-3,ROLE-BASED SECURITY TRAINING
AT-3a.
AT-3b.
AT-3c.
AT-3 (1),ENVIRONMENTAL CONTROLS
AT-3 (2),PHYSICAL SECURITY CONTROLS
AT-3 (3),PRACTICAL EXERCISES
AT-3 (4),SUSPICIOUS COMMUNICATIONS AND ANOMALOUS SYSTEM BEHAVIOR
AT-4,SECURITY TRAINING RECORDS
AT-4a.
AT-4b.
AT-5,CONTACTS WITH SECURITY GROUPS AND ASSOCIATIONS
AU-1,AUDIT AND ACCOUNTABILITY POLICY AND PROCEDURES
AU-1a.
AU-1a.1.
AU-1a.2.
AU-1b.
AU-1b.1.
AU-1b.2.
AU-2,AUDIT EVENTS
AU-2a.
AU-2b.
AU-2c.
AU-2d.
AU-2 (1),COMPILATION OF AUDIT RECORDS FROM MULTIPLE SOURCES
AU-2 (2),SELECTION OF AUDIT EVENTS BY COMPONENT
AU-2 (3),REVIEWS AND UPDATES
AU-2 (4),PRIVILEGED FUNCTIONS
AU-3,CONTENT OF AUDIT RECORDS
AU-3 (1),ADDITIONAL AUDIT INFORMATION
AU-3 (2),CENTRALIZED MANAGEMENT OF PLANNED AUDIT RECORD CONTENT
AU-4,AUDIT STORAGE CAPACITY
AU-4 (1),TRANSFER TO ALTERNATE STORAGE
AU-5,RESPONSE TO AUDIT PROCESSING FAILURES
AU-5a.
AU-5b.
AU-5 (1),AUDIT STORAGE CAPACITY
AU-5 (2),REAL-TIME ALERTS
AU-5 (3),CONFIGURABLE TRAFFIC VOLUME THRESHOLDS
AU-5 (4),SHUTDOWN ON FAILURE
AU-6,AUDIT REVIEW, ANALYSIS, AND REPORTING
AU-6a.
AU-6b.
AU-6 (1),PROCESS INTEGRATION
AU-6 (2),AUTOMATED SECURITY ALERTS
AU-6 (3),CORRELATE AUDIT REPOSITORIES
AU-6 (4),CENTRAL REVIEW AND ANALYSIS
AU-6 (5),INTEGRATION / SCANNING AND MONITORING CAPABILITIES
AU-6 (6),CORRELATION WITH PHYSICAL MONITORING
AU-6 (7),PERMITTED ACTIONS
AU-6 (8),FULL TEXT ANALYSIS OF PRIVILEGED COMMANDS
AU-6 (9),CORRELATION WITH INFORMATION FROM NONTECHNICAL SOURCES
AU-6 (10),AUDIT LEVEL ADJUSTMENT
AU-7,AUDIT REDUCTION AND REPORT GENERATION
AU-7a.
AU-7b.
AU-7 (1),AUTOMATIC PROCESSING
AU-7 (2),AUTOMATIC SORT AND SEARCH
AU-8,TIME STAMPS
AU-8a.
AU-8b.
AU-8 (1),SYNCHRONIZATION WITH AUTHORITATIVE TIME SOURCE
AU-8 (1)(a)
AU-8 (1)(b)
AU-8 (2),SECONDARY AUTHORITATIVE TIME SOURCE
AU-9,PROTECTION OF AUDIT INFORMATION
AU-9 (1),HARDWARE WRITE-ONCE MEDIA
AU-9 (2),AUDIT BACKUP ON SEPARATE PHYSICAL SYSTEMS / COMPONENTS
AU-9 (3),CRYPTOGRAPHIC PROTECTION
AU-9 (4),ACCESS BY SUBSET OF PRIVILEGED USERS
AU-9 (5),DUAL AUTHORIZATION
AU-9 (6),READ ONLY ACCESS
AU-10,NON-REPUDIATION
AU-10 (1),ASSOCIATION OF IDENTITIES
AU-10 (1)(a)
AU-10 (1)(b)
AU-10 (2),VALIDATE BINDING OF INFORMATION PRODUCER IDENTITY
AU-10 (2)(a)
AU-10 (2)(b)
AU-10 (3),CHAIN OF CUSTODY
AU-10 (4),VALIDATE BINDING OF INFORMATION REVIEWER IDENTITY
AU-10 (4)(a)
AU-10 (4)(b)
AU-10 (5),DIGITAL SIGNATURES
AU-11,AUDIT RECORD RETENTION
AU-11 (1),LONG-TERM RETRIEVAL CAPABILITY
AU-12,AUDIT GENERATION
AU-12a.
AU-12b.
AU-12c.
AU-12 (1),SYSTEM-WIDE / TIME-CORRELATED AUDIT TRAIL
AU-12 (2),STANDARDIZED FORMATS
AU-12 (3),CHANGES BY AUTHORIZED INDIVIDUALS
AU-13,MONITORING FOR INFORMATION DISCLOSURE
AU-13 (1),USE OF AUTOMATED TOOLS
AU-13 (2),REVIEW OF MONITORED SITES
AU-14,SESSION AUDIT
AU-14 (1),SYSTEM START-UP
AU-14 (2),CAPTURE/RECORD AND LOG CONTENT
AU-14 (3),REMOTE VIEWING / LISTENING
AU-15,ALTERNATE AUDIT CAPABILITY
AU-16,CROSS-ORGANIZATIONAL AUDITING
AU-16 (1),IDENTITY PRESERVATION
AU-16 (2),SHARING OF AUDIT INFORMATION
CA-1,SECURITY ASSESSMENT AND AUTHORIZATION POLICY AND PROCEDURES
CA-1a.
CA-1a.1.
CA-1a.2.
CA-1b.
CA-1b.1.
CA-1b.2.
CA-2,SECURITY ASSESSMENTS
CA-2a.
CA-2a.1.
CA-2a.2.
CA-2a.3.
CA-2b.
CA-2c.
CA-2d.
CA-2 (1),INDEPENDENT ASSESSORS
CA-2 (2),SPECIALIZED ASSESSMENTS
CA-2 (3),EXTERNAL ORGANIZATIONS
CA-3,SYSTEM INTERCONNECTIONS
CA-3a.
CA-3b.
CA-3c.
CA-3 (1),UNCLASSIFIED NATIONAL SECURITY SYSTEM CONNECTIONS
CA-3 (2),CLASSIFIED NATIONAL SECURITY SYSTEM CONNECTIONS
CA-3 (3),UNCLASSIFIED NON-NATIONAL SECURITY SYSTEM CONNECTIONS
CA-3 (4),CONNECTIONS TO PUBLIC NETWORKS
CA-3 (5),RESTRICTIONS ON EXTERNAL SYSTEM CONNECTIONS
CA-4,SECURITY CERTIFICATION
CA-5,PLAN OF ACTION AND MILESTONES
CA-5a.
CA-5b.
CA-5 (1),AUTOMATION SUPPORT FOR ACCURACY / CURRENCY
CA-6,SECURITY AUTHORIZATION
CA-6a.
CA-6b.
CA-6c.
CA-7,CONTINUOUS MONITORING
CA-7a.
CA-7b.
CA-7c.
CA-7d.
CA-7e.
CA-7f.
CA-7g.
CA-7 (1),INDEPENDENT ASSESSMENT
CA-7 (2),TYPES OF ASSESSMENTS
CA-7 (3),TREND ANALYSES
CA-8,PENETRATION TESTING
CA-8 (1),INDEPENDENT PENETRATION AGENT OR TEAM
CA-8 (2),RED TEAM EXERCISES
CA-9,INTERNAL SYSTEM CONNECTIONS
CA-9a.
CA-9b.
CA-9 (1),SECURITY COMPLIANCE CHECKS
CM-1,CONFIGURATION MANAGEMENT POLICY AND PROCEDURES
CM-1a.
CM-1a.1.
CM-1a.2.
CM-1b.
CM-1b.1.
CM-1b.2.
CM-2,BASELINE CONFIGURATION
CM-2 (1),REVIEWS AND UPDATES
CM-2 (1)(a)
CM-2 (1)(b)
CM-2 (1)(c)
CM-2 (2),AUTOMATION SUPPORT FOR ACCURACY / CURRENCY
CM-2 (3),RETENTION OF PREVIOUS CONFIGURATIONS
CM-2 (4),UNAUTHORIZED SOFTWARE
CM-2 (5),AUTHORIZED SOFTWARE
CM-2 (6),DEVELOPMENT AND TEST ENVIRONMENTS
CM-2 (7),CONFIGURE SYSTEMS, COMPONENTS, OR DEVICES FOR HIGH-RISK AREAS
CM-2 (7)(a)
CM-2 (7)(b)
CM-3,CONFIGURATION CHANGE CONTROL
CM-3a.
CM-3b.
CM-3c.
CM-3d.
CM-3e.
CM-3f.
CM-3g.
CM-3 (1),AUTOMATED DOCUMENT / NOTIFICATION / PROHIBITION OF CHANGES
CM-3 (1)(a)
CM-3 (1)(b)
CM-3 (1)(c)
CM-3 (1)(d)
CM-3 (1)(e)
CM-3 (1)(f)
CM-3 (2),TEST / VALIDATE / DOCUMENT CHANGES
CM-3 (3),AUTOMATED CHANGE IMPLEMENTATION
CM-3 (4),SECURITY REPRESENTATIVE
CM-3 (5),AUTOMATED SECURITY RESPONSE
CM-3 (6),CRYPTOGRAPHY MANAGEMENT
CM-4,SECURITY IMPACT ANALYSIS
CM-4 (1),SEPARATE TEST ENVIRONMENTS
CM-4 (2),VERIFICATION OF SECURITY FUNCTIONS
CM-5,ACCESS RESTRICTIONS FOR CHANGE
CM-5 (1),AUTOMATED ACCESS ENFORCEMENT / AUDITING
CM-5 (2),REVIEW SYSTEM CHANGES
CM-5 (3),SIGNED COMPONENTS
CM-5 (4),DUAL AUTHORIZATION
CM-5 (5),LIMIT PRODUCTION / OPERATIONAL PRIVILEGES
CM-5 (5)(a)
CM-5 (5)(b)
CM-5 (6),LIMIT LIBRARY PRIVILEGES
CM-5 (7),AUTOMATIC IMPLEMENTATION OF SECURITY SAFEGUARDS
CM-6,CONFIGURATION SETTINGS
CM-6a.
CM-6b.
CM-6c.
CM-6d.
CM-6 (1),AUTOMATED CENTRAL MANAGEMENT / APPLICATION / VERIFICATION
CM-6 (2),RESPOND TO UNAUTHORIZED CHANGES
CM-6 (3),UNAUTHORIZED CHANGE DETECTION
CM-6 (4),CONFORMANCE DEMONSTRATION
CM-7,LEAST FUNCTIONALITY
CM-7a.
CM-7b.
CM-7 (1),PERIODIC REVIEW
CM-7 (1)(a)
CM-7 (1)(b)
CM-7 (2),PREVENT PROGRAM EXECUTION
CM-7 (3),REGISTRATION COMPLIANCE
CM-7 (4),UNAUTHORIZED SOFTWARE / BLACKLISTING
CM-7 (4)(a)
CM-7 (4)(b)
CM-7 (4)(c)
CM-7 (5),AUTHORIZED SOFTWARE / WHITELISTING
CM-7 (5)(a)
CM-7 (5)(b)
CM-7 (5)(c)
CM-8,INFORMATION SYSTEM COMPONENT INVENTORY
CM-8a.
CM-8a.1.
CM-8a.2.
CM-8a.3.
CM-8a.4.
CM-8b.
CM-8 (1),UPDATES DURING INSTALLATIONS / REMOVALS
CM-8 (2),AUTOMATED MAINTENANCE
CM-8 (3),AUTOMATED UNAUTHORIZED COMPONENT DETECTION
CM-8 (3)(a)
CM-8 (3)(b)
CM-8 (4),ACCOUNTABILITY INFORMATION
CM-8 (5),NO DUPLICATE ACCOUNTING OF COMPONENTS
CM-8 (6),ASSESSED CONFIGURATIONS / APPROVED DEVIATIONS
CM-8 (7),CENTRALIZED REPOSITORY
CM-8 (8),AUTOMATED LOCATION TRACKING
CM-8 (9),ASSIGNMENT OF COMPONENTS TO SYSTEMS
CM-8 (9)(a)
CM-8 (9)(b)
CM-9,CONFIGURATION MANAGEMENT PLAN
CM-9a.
CM-9b.
CM-9c.
CM-9d.
CM-9 (1),ASSIGNMENT OF RESPONSIBILITY
CM-10,SOFTWARE USAGE RESTRICTIONS
CM-10a.
CM-10b.
CM-10c.
CM-10 (1),OPEN SOURCE SOFTWARE
CM-11,USER-INSTALLED SOFTWARE
CM-11a.
CM-11b.
CM-11c.
CM-11 (1),ALERTS FOR UNAUTHORIZED INSTALLATIONS
CM-11 (2),PROHIBIT INSTALLATION WITHOUT PRIVILEGED STATUS
CP-1,CONTINGENCY PLANNING POLICY AND PROCEDURES
CP-1a.
CP-1a.1.
CP-1a.2.
CP-1b.
CP-1b.1.
CP-1b.2.
CP-2,CONTINGENCY PLAN
CP-2a.
CP-2a.1.
CP-2a.2.
CP-2a.3.
CP-2a.4.
CP-2a.5.
CP-2a.6.
CP-2b.
CP-2c.
CP-2d.
CP-2e.
CP-2f.
CP-2g.
CP-2 (1),COORDINATE WITH RELATED PLANS
CP-2 (2),CAPACITY PLANNING
CP-2 (3),RESUME ESSENTIAL MISSIONS / BUSINESS FUNCTIONS
CP-2 (4),RESUME ALL MISSIONS / BUSINESS FUNCTIONS
CP-2 (5),CONTINUE  ESSENTIAL MISSIONS / BUSINESS FUNCTIONS
CP-2 (6),ALTERNATE PROCESSING / STORAGE SITE
CP-2 (7),COORDINATE  WITH EXTERNAL SERVICE PROVIDERS
CP-2 (8),IDENTIFY CRITICAL ASSETS
CP-3,CONTINGENCY TRAINING
CP-3a.
CP-3b.
CP-3c.
CP-3 (1),SIMULATED EVENTS
CP-3 (2),AUTOMATED TRAINING ENVIRONMENTS
CP-4,CONTINGENCY PLAN TESTING
CP-4a.
CP-4b.
CP-4c.
CP-4 (1),COORDINATE WITH RELATED PLANS
CP-4 (2),ALTERNATE PROCESSING SITE
CP-4 (2)(a)
CP-4 (2)(b)
CP-4 (3),AUTOMATED TESTING
CP-4 (4),FULL RECOVERY / RECONSTITUTION
CP-5,CONTINGENCY PLAN UPDATE
CP-6,ALTERNATE STORAGE SITE
CP-6a.
CP-6b.
CP-6 (1),SEPARATION FROM PRIMARY SITE
CP-6 (2),RECOVERY TIME / POINT OBJECTIVES
CP-6 (3),ACCESSIBILITY
CP-7,ALTERNATE PROCESSING SITE
CP-7a.
CP-7b.
CP-7c.
CP-7 (1),SEPARATION FROM PRIMARY SITE
CP-7 (2),ACCESSIBILITY
CP-7 (3),PRIORITY OF SERVICE
CP-7 (4),PREPARATION FOR USE
CP-7 (5),EQUIVALENT INFORMATION SECURITY SAFEGUARDS
CP-7 (6),INABILITY TO RETURN TO PRIMARY SITE
CP-8,TELECOMMUNICATIONS SERVICES
CP-8 (1),PRIORITY OF SERVICE PROVISIONS
CP-8 (1)(a)
CP-8 (1)(b)
CP-8 (2),SINGLE POINTS OF FAILURE
CP-8 (3),SEPARATION OF PRIMARY / ALTERNATE PROVIDERS
CP-8 (4),PROVIDER CONTINGENCY PLAN
CP-8 (4)(a)
CP-8 (4)(b)
CP-8 (4)(c)
CP-8 (5),ALTERNATE TELECOMMUNICATION SERVICE TESTING
CP-9,INFORMATION SYSTEM BACKUP
CP-9a.
CP-9b.
CP-9c.
CP-9d.
CP-9 (1),TESTING FOR RELIABILITY / INTEGRITY
CP-9 (2),TEST RESTORATION USING SAMPLING
CP-9 (3),SEPARATE STORAGE FOR CRITICAL INFORMATION
CP-9 (4),PROTECTION FROM UNAUTHORIZED MODIFICATION
CP-9 (5),TRANSFER TO ALTERNATE STORAGE SITE
CP-9 (6),REDUNDANT SECONDARY SYSTEM
CP-9 (7),DUAL AUTHORIZATION
CP-10,INFORMATION SYSTEM RECOVERY AND RECONSTITUTION
CP-10 (1),CONTINGENCY PLAN TESTING
CP-10 (2),TRANSACTION RECOVERY
CP-10 (3),COMPENSATING SECURITY CONTROLS
CP-10 (4),RESTORE WITHIN TIME PERIOD
CP-10 (5),FAILOVER CAPABILITY
CP-10 (6),COMPONENT PROTECTION
CP-11,ALTERNATE COMMUNICATIONS PROTOCOLS
CP-12,SAFE MODE
CP-13,ALTERNATIVE SECURITY MECHANISMS
IA-1,IDENTIFICATION AND AUTHENTICATION POLICY AND PROCEDURES
IA-1a.
IA-1a.1.
IA-1a.2.
IA-1b.
IA-1b.1.
IA-1b.2.
IA-2,IDENTIFICATION AND AUTHENTICATION (ORGANIZATIONAL USERS)
IA-2 (1),NETWORK ACCESS TO PRIVILEGED ACCOUNTS
IA-2 (2),NETWORK ACCESS TO NON-PRIVILEGED ACCOUNTS
IA-2 (3),LOCAL ACCESS TO PRIVILEGED ACCOUNTS
IA-2 (4),LOCAL ACCESS TO NON-PRIVILEGED ACCOUNTS
IA-2 (5),GROUP AUTHENTICATION
IA-2 (6),NETWORK ACCESS TO PRIVILEGED ACCOUNTS - SEPARATE DEVICE
IA-2 (7),NETWORK ACCESS TO NON-PRIVILEGED ACCOUNTS - SEPARATE DEVICE
IA-2 (8),NETWORK ACCESS TO PRIVILEGED ACCOUNTS - REPLAY RESISTANT
IA-2 (9),NETWORK ACCESS TO NON-PRIVILEGED ACCOUNTS - REPLAY RESISTANT
IA-2 (10),SINGLE SIGN-ON
IA-2 (11),REMOTE ACCESS  - SEPARATE DEVICE
IA-2 (12),ACCEPTANCE OF PIV CREDENTIALS
IA-2 (13),OUT-OF-BAND AUTHENTICATION
IA-3,DEVICE IDENTIFICATION AND AUTHENTICATION
IA-3 (1),CRYPTOGRAPHIC BIDIRECTIONAL AUTHENTICATION
IA-3 (2),CRYPTOGRAPHIC BIDIRECTIONAL NETWORK AUTHENTICATION
IA-3 (3),DYNAMIC ADDRESS ALLOCATION
IA-3 (3)(a)
IA-3 (3)(b)
IA-3 (4),DEVICE ATTESTATION
IA-4,IDENTIFIER MANAGEMENT
IA-4a.
IA-4b.
IA-4c.
IA-4d.
IA-4e.
IA-4 (1),PROHIBIT ACCOUNT IDENTIFIERS AS PUBLIC IDENTIFIERS
IA-4 (2),SUPERVISOR AUTHORIZATION
IA-4 (3),MULTIPLE FORMS OF CERTIFICATION
IA-4 (4),IDENTIFY USER STATUS
IA-4 (5),DYNAMIC MANAGEMENT
IA-4 (6),CROSS-ORGANIZATION MANAGEMENT
IA-4 (7),IN-PERSON REGISTRATION
IA-5,AUTHENTICATOR MANAGEMENT
IA-5a.
IA-5b.
IA-5c.
IA-5d.
IA-5e.
IA-5f.
IA-5g.
IA-5h.
IA-5i.
IA-5j.
IA-5 (1),PASSWORD-BASED AUTHENTICATION
IA-5 (1)(a)
IA-5 (1)(b)
IA-5 (1)(c)
IA-5 (1)(d)
IA-5 (1)(e)
IA-5 (1)(f)
IA-5 (2),PKI-BASED AUTHENTICATION
IA-5 (2)(a)
IA-5 (2)(b)
IA-5 (2)(c)
IA-5 (2)(d)
IA-5 (3),IN-PERSON OR TRUSTED THIRD-PARTY REGISTRATION
IA-5 (4),AUTOMATED SUPPORT  FOR PASSWORD STRENGTH DETERMINATION
IA-5 (5),CHANGE AUTHENTICATORS PRIOR TO DELIVERY
IA-5 (6),PROTECTION OF AUTHENTICATORS
IA-5 (7),NO EMBEDDED UNENCRYPTED STATIC AUTHENTICATORS
IA-5 (8),MULTIPLE INFORMATION SYSTEM ACCOUNTS
IA-5 (9),CROSS-ORGANIZATION CREDENTIAL MANAGEMENT
IA-5 (10),DYNAMIC CREDENTIAL ASSOCIATION
IA-5 (11),HARDWARE TOKEN-BASED AUTHENTICATION
IA-5 (12),BIOMETRIC-BASED AUTHENTICATION
IA-5 (13),EXPIRATION OF CACHED AUTHENTICATORS
IA-5 (14),MANAGING CONTENT OF PKI TRUST STORES
IA-5 (15),FICAM-APPROVED PRODUCTS AND SERVICES
IA-6,AUTHENTICATOR FEEDBACK
IA-7,CRYPTOGRAPHIC MODULE AUTHENTICATION
IA-8,IDENTIFICATION AND AUTHENTICATION (NON-ORGANIZATIONAL USERS)
IA-8 (1),ACCEPTANCE OF PIV CREDENTIALS FROM OTHER AGENCIES
IA-8 (2),ACCEPTANCE OF THIRD-PARTY CREDENTIALS
IA-8 (3),USE OF FICAM-APPROVED PRODUCTS
IA-8 (4),USE OF FICAM-ISSUED PROFILES
IA-8 (5),ACCEPTANCE OF PIV-I CREDENTIALS
IA-9,SERVICE IDENTIFICATION AND AUTHENTICATION
IA-9 (1),INFORMATION EXCHANGE
IA-9 (2),TRANSMISSION OF DECISIONS
IA-10,ADAPTIVE IDENTIFICATION AND AUTHENTICATION
IA-11,RE-AUTHENTICATION
IR-1,INCIDENT RESPONSE POLICY AND PROCEDURES
IR-1a.
IR-1a.1.
IR-1a.2.
IR-1b.
IR-1b.1.
IR-1b.2.
IR-2,INCIDENT RESPONSE TRAINING
IR-2a.
IR-2b.
IR-2c.
IR-2 (1),SIMULATED EVENTS
IR-2 (2),AUTOMATED TRAINING ENVIRONMENTS
IR-3,INCIDENT RESPONSE TESTING
IR-3 (1),AUTOMATED TESTING
IR-3 (2),COORDINATION WITH RELATED PLANS
IR-4,INCIDENT HANDLING
IR-4a.
IR-4b.
IR-4c.
IR-4 (1),AUTOMATED INCIDENT HANDLING PROCESSES
IR-4 (2),DYNAMIC RECONFIGURATION
IR-4 (3),CONTINUITY OF OPERATIONS
IR-4 (4),INFORMATION CORRELATION
IR-4 (5),AUTOMATIC DISABLING OF INFORMATION SYSTEM
IR-4 (6),INSIDER THREATS - SPECIFIC CAPABILITIES
IR-4 (7),INSIDER THREATS - INTRA-ORGANIZATION COORDINATION
IR-4 (8),CORRELATION WITH EXTERNAL ORGANIZATIONS
IR-4 (9),DYNAMIC RESPONSE CAPABILITY
IR-4 (10),SUPPLY CHAIN COORDINATION
IR-5,INCIDENT MONITORING
IR-5 (1),AUTOMATED TRACKING / DATA COLLECTION / ANALYSIS
IR-6,INCIDENT REPORTING
IR-6a.
IR-6b.
IR-6 (1),AUTOMATED REPORTING
IR-6 (2),VULNERABILITIES RELATED TO INCIDENTS
IR-6 (3),COORDINATION WITH SUPPLY CHAIN
IR-7,INCIDENT RESPONSE ASSISTANCE
IR-7 (1),AUTOMATION SUPPORT FOR AVAILABILITY OF INFORMATION / SUPPORT
IR-7 (2),COORDINATION WITH EXTERNAL PROVIDERS
IR-7 (2)(a)
IR-7 (2)(b)
IR-8,INCIDENT RESPONSE PLAN
IR-8a.
IR-8a.1.
IR-8a.2.
IR-8a.3.
IR-8a.4.
IR-8a.5.
IR-8a.6.
IR-8a.7.
IR-8a.8.
IR-8b.
IR-8c.
IR-8d.
IR-8e.
IR-8f.
IR-9,INFORMATION SPILLAGE RESPONSE
IR-9a.
IR-9b.
IR-9c.
IR-9d.
IR-9e.
IR-9f.
IR-9 (1),RESPONSIBLE PERSONNEL
IR-9 (2),TRAINING
IR-9 (3),POST-SPILL OPERATIONS
IR-9 (4),EXPOSURE TO UNAUTHORIZED PERSONNEL
IR-10,INTEGRATED INFORMATION SECURITY ANALYSIS TEAM
MA-1,SYSTEM MAINTENANCE POLICY AND PROCEDURES
MA-1a.
MA-1a.1.
MA-1a.2.
MA-1b.
MA-1b.1.
MA-1b.2.
MA-2,CONTROLLED MAINTENANCE
MA-2a.
MA-2b.
MA-2c.
MA-2d.
MA-2e.
MA-2f.
MA-2 (1),RECORD CONTENT
MA-2 (2),AUTOMATED MAINTENANCE ACTIVITIES
MA-2 (2)(a)
MA-2 (2)(b)
MA-3,MAINTENANCE TOOLS
MA-3 (1),INSPECT TOOLS
MA-3 (2),INSPECT MEDIA
MA-3 (3),PREVENT UNAUTHORIZED REMOVAL
MA-3 (3)(a)
MA-3 (3)(b)
MA-3 (3)(c)
MA-3 (3)(d)
MA-3 (4),RESTRICTED TOOL USE
MA-4,NONLOCAL MAINTENANCE
MA-4a.
MA-4b.
MA-4c.
MA-4d.
MA-4e.
MA-4 (1),AUDITING AND REVIEW
MA-4 (1)(a)
MA-4 (1)(b)
MA-4 (2),DOCUMENT NONLOCAL MAINTENANCE
MA-4 (3),COMPARABLE SECURITY / SANITIZATION
MA-4 (3)(a)
MA-4 (3)(b)
MA-4 (4),AUTHENTICATION / SEPARATION OF MAINTENANCE SESSIONS
MA-4 (4)(a)
MA-4 (4)(b)
MA-4 (4)(b)(1)
MA-4 (4)(b)(2)
MA-4 (5),APPROVALS AND NOTIFICATIONS
MA-4 (5)(a)
MA-4 (5)(b)
MA-4 (6),CRYPTOGRAPHIC PROTECTION
MA-4 (7),REMOTE DISCONNECT VERIFICATION
MA-5,MAINTENANCE PERSONNEL
MA-5a.
MA-5b.
MA-5c.
MA-5 (1),INDIVIDUALS WITHOUT APPROPRIATE ACCESS
MA-5 (1)(a)
MA-5 (1)(a)(1)
MA-5 (1)(a)(2)
MA-5 (1)(b)
MA-5 (2),SECURITY CLEARANCES FOR CLASSIFIED SYSTEMS
MA-5 (3),CITIZENSHIP REQUIREMENTS FOR CLASSIFIED SYSTEMS
MA-5 (4),FOREIGN NATIONALS
MA-5 (4)(a)
MA-5 (4)(b)
MA-5 (5),NONSYSTEM-RELATED MAINTENANCE
MA-6,TIMELY MAINTENANCE
MA-6 (1),PREVENTIVE MAINTENANCE
MA-6 (2),PREDICTIVE MAINTENANCE
MA-6 (3),AUTOMATED SUPPORT FOR PREDICTIVE MAINTENANCE
MP-1,MEDIA PROTECTION POLICY AND PROCEDURES
MP-1a.
MP-1a.1.
MP-1a.2.
MP-1b.
MP-1b.1.
MP-1b.2.
MP-2,MEDIA ACCESS
MP-2 (1),AUTOMATED RESTRICTED ACCESS
MP-2 (2),CRYPTOGRAPHIC PROTECTION
MP-3,MEDIA MARKING
MP-3a.
MP-3b.
MP-4,MEDIA STORAGE
MP-4a.
MP-4b.
MP-4 (1),CRYPTOGRAPHIC PROTECTION
MP-4 (2),AUTOMATED RESTRICTED ACCESS
MP-5,MEDIA TRANSPORT
MP-5a.
MP-5b.
MP-5c.
MP-5d.
MP-5 (1),PROTECTION OUTSIDE OF CONTROLLED AREAS
MP-5 (2),DOCUMENTATION OF ACTIVITIES
MP-5 (3),CUSTODIANS
MP-5 (4),CRYPTOGRAPHIC PROTECTION
MP-6,MEDIA SANITIZATION
MP-6a.
MP-6b.
MP-6 (1),REVIEW / APPROVE / TRACK / DOCUMENT / VERIFY
MP-6 (2),EQUIPMENT TESTING
MP-6 (3),NONDESTRUCTIVE TECHNIQUES
MP-6 (4),CONTROLLED UNCLASSIFIED INFORMATION
MP-6 (5),CLASSIFIED INFORMATION
MP-6 (6),MEDIA DESTRUCTION
MP-6 (7),DUAL AUTHORIZATION
MP-6 (8),REMOTE PURGING / WIPING OF INFORMATION
MP-7,MEDIA USE
MP-7 (1),PROHIBIT USE WITHOUT OWNER
MP-7 (2),PROHIBIT USE OF SANITIZATION-RESISTANT MEDIA
MP-8,MEDIA DOWNGRADING
MP-8a.
MP-8b.
MP-8c.
MP-8d.
MP-8 (1),DOCUMENTATION OF PROCESS
MP-8 (2),EQUIPMENT TESTING
MP-8 (3),CONTROLLED UNCLASSIFIED INFORMATION
MP-8 (4),CLASSIFIED INFORMATION
PE-1,PHYSICAL AND ENVIRONMENTAL PROTECTION POLICY AND PROCEDURES
PE-1a.
PE-1a.1.
PE-1a.2.
PE-1b.
PE-1b.1.
PE-1b.2.
PE-2,PHYSICAL ACCESS AUTHORIZATIONS
PE-2a.
PE-2b.
PE-2c.
PE-2d.
PE-2 (1),ACCESS BY POSITION / ROLE
PE-2 (2),TWO FORMS OF IDENTIFICATION
PE-2 (3),RESTRICT UNESCORTED ACCESS
PE-3,PHYSICAL ACCESS CONTROL
PE-3a.
PE-3a.1.
PE-3a.2.
PE-3b.
PE-3c.
PE-3d.
PE-3e.
PE-3f.
PE-3g.
PE-3 (1),INFORMATION SYSTEM ACCESS
PE-3 (2),FACILITY / INFORMATION SYSTEM BOUNDARIES
PE-3 (3),CONTINUOUS GUARDS / ALARMS / MONITORING
PE-3 (4),LOCKABLE CASINGS
PE-3 (5),TAMPER PROTECTION
PE-3 (6),FACILITY PENETRATION TESTING
PE-4,ACCESS CONTROL FOR TRANSMISSION MEDIUM
PE-5,ACCESS CONTROL FOR OUTPUT DEVICES
PE-5 (1),ACCESS TO OUTPUT BY AUTHORIZED INDIVIDUALS
PE-5 (1)(a)
PE-5 (1)(b)
PE-5 (2),ACCESS TO OUTPUT BY INDIVIDUAL IDENTITY
PE-5 (2)(a)
PE-5 (2)(b)
PE-5 (3),MARKING OUTPUT DEVICES
PE-6,MONITORING PHYSICAL ACCESS
PE-6a.
PE-6b.
PE-6c.
PE-6 (1),INTRUSION ALARMS / SURVEILLANCE EQUIPMENT
PE-6 (2),AUTOMATED INTRUSION RECOGNITION / RESPONSES
PE-6 (3),VIDEO SURVEILLANCE
PE-6 (4),MONITORING PHYSICAL ACCESS TO INFORMATION SYSTEMS
PE-7,VISITOR CONTROL
PE-8,VISITOR ACCESS RECORDS
PE-8a.
PE-8b.
PE-8 (1),AUTOMATED RECORDS MAINTENANCE / REVIEW
PE-8 (2),PHYSICAL ACCESS RECORDS
PE-9,POWER EQUIPMENT AND CABLING
PE-9 (1),REDUNDANT CABLING
PE-9 (2),AUTOMATIC VOLTAGE CONTROLS
PE-10,EMERGENCY SHUTOFF
PE-10a.
PE-10b.
PE-10c.
PE-10 (1),ACCIDENTAL / UNAUTHORIZED ACTIVATION
PE-11,EMERGENCY POWER
PE-11 (1),LONG-TERM ALTERNATE POWER SUPPLY - MINIMAL OPERATIONAL CAPABILITY
PE-11 (2),LONG-TERM ALTERNATE POWER SUPPLY - SELF-CONTAINED
PE-11 (2)(a)
PE-11 (2)(b)
PE-11 (2)(c)
PE-12,EMERGENCY LIGHTING
PE-12 (1),ESSENTIAL MISSIONS / BUSINESS FUNCTIONS
PE-13,FIRE PROTECTION
PE-13 (1),DETECTION DEVICES / SYSTEMS
PE-13 (2),SUPPRESSION DEVICES / SYSTEMS
PE-13 (3),AUTOMATIC FIRE SUPPRESSION
PE-13 (4),INSPECTIONS
PE-14,TEMPERATURE AND HUMIDITY CONTROLS
PE-14a.
PE-14b.
PE-14 (1),AUTOMATIC CONTROLS
PE-14 (2),MONITORING WITH ALARMS / NOTIFICATIONS
PE-15,WATER DAMAGE PROTECTION
PE-15 (1),AUTOMATION SUPPORT
PE-16,DELIVERY AND REMOVAL
PE-17,ALTERNATE WORK SITE
PE-17a.
PE-17b.
PE-17c.
PE-18,LOCATION OF INFORMATION SYSTEM COMPONENTS
PE-18 (1),FACILITY SITE
PE-19,INFORMATION LEAKAGE
PE-19 (1),NATIONAL EMISSIONS / TEMPEST POLICIES AND PROCEDURES
PE-20,ASSET MONITORING AND TRACKING
PE-20a.
PE-20b.
PL-1,SECURITY PLANNING POLICY AND PROCEDURES
PL-1a.
PL-1a.1.
PL-1a.2.
PL-1b.
PL-1b.1.
PL-1b.2.
PL-2,SYSTEM SECURITY PLAN
PL-2a.
PL-2a.1.
PL-2a.2.
PL-2a.3.
PL-2a.4.
PL-2a.5.
PL-2a.6.
PL-2a.7.
PL-2a.8.
PL-2a.9.
PL-2b.
PL-2c.
PL-2d.
PL-2e.
PL-2 (1),CONCEPT OF OPERATIONS
PL-2 (2),FUNCTIONAL ARCHITECTURE
PL-2 (3),PLAN / COORDINATE WITH OTHER ORGANIZATIONAL ENTITIES
PL-3,SYSTEM SECURITY PLAN UPDATE
PL-4,RULES OF BEHAVIOR
PL-4a.
PL-4b.
PL-4c.
PL-4d.
PL-4 (1),SOCIAL MEDIA AND NETWORKING RESTRICTIONS
PL-5,PRIVACY IMPACT ASSESSMENT
PL-6,SECURITY-RELATED ACTIVITY PLANNING
PL-7,SECURITY CONCEPT OF OPERATIONS
PL-7a.
PL-7b.
PL-8,INFORMATION SECURITY ARCHITECTURE
PL-8a.
PL-8a.1.
PL-8a.2.
PL-8a.3.
PL-8b.
PL-8c.
PL-8 (1),DEFENSE-IN-DEPTH
PL-8 (1)(a)
PL-8 (1)(b)
PL-8 (2),SUPPLIER DIVERSITY
PL-9,CENTRAL MANAGEMENT
PS-1,PERSONNEL SECURITY POLICY AND PROCEDURES
PS-1a.
PS-1a.1.
PS-1a.2.
PS-1b.
PS-1b.1.
PS-1b.2.
PS-2,POSITION RISK DESIGNATION
PS-2a.
PS-2b.
PS-2c.
PS-3,PERSONNEL SCREENING
PS-3a.
PS-3b.
PS-3 (1),CLASSIFIED INFORMATION
PS-3 (2),FORMAL INDOCTRINATION
PS-3 (3),INFORMATION WITH SPECIAL PROTECTION MEASURES
PS-3 (3)(a)
PS-3 (3)(b)
PS-4,PERSONNEL TERMINATION
PS-4a.
PS-4b.
PS-4c.
PS-4d.
PS-4e.
PS-4f.
PS-4 (1),POST-EMPLOYMENT REQUIREMENTS
PS-4 (1)(a)
PS-4 (1)(b)
PS-4 (2),AUTOMATED NOTIFICATION
PS-5,PERSONNEL TRANSFER
PS-5a.
PS-5b.
PS-5c.
PS-5d.
PS-6,ACCESS AGREEMENTS
PS-6a.
PS-6b.
PS-6c.
PS-6c.1.
PS-6c.2.
PS-6 (1),INFORMATION REQUIRING SPECIAL PROTECTION
PS-6 (2),CLASSIFIED INFORMATION REQUIRING SPECIAL PROTECTION
PS-6 (2)(a)
PS-6 (2)(b)
PS-6 (2)(c)
PS-6 (3),POST-EMPLOYMENT REQUIREMENTS
PS-6 (3)(a)
PS-6 (3)(b)
PS-7,THIRD-PARTY PERSONNEL SECURITY
PS-7a.
PS-7b.
PS-7c.
PS-7d.
PS-7e.
PS-8,PERSONNEL SANCTIONS
PS-8a.
PS-8b.
RA-1,RISK ASSESSMENT POLICY AND PROCEDURES
RA-1a.
RA-1a.1.
RA-1a.2.
RA-1b.
RA-1b.1.
RA-1b.2.
RA-2,SECURITY CATEGORIZATION
RA-2a.
RA-2b.
RA-2c.
RA-3,RISK ASSESSMENT
RA-3a.
RA-3b.
RA-3c.
RA-3d.
RA-3e.
RA-4,RISK ASSESSMENT UPDATE
RA-5,VULNERABILITY SCANNING
RA-5a.
RA-5b.
RA-5b.1.
RA-5b.2.
RA-5b.3.
RA-5c.
RA-5d.
RA-5e.
RA-5 (1),UPDATE TOOL CAPABILITY
RA-5 (2),UPDATE BY FREQUENCY / PRIOR TO NEW SCAN / WHEN IDENTIFIED
RA-5 (3),BREADTH / DEPTH OF COVERAGE
RA-5 (4),DISCOVERABLE INFORMATION
RA-5 (5),PRIVILEGED ACCESS
RA-5 (6),AUTOMATED TREND ANALYSES
RA-5 (7),AUTOMATED DETECTION AND NOTIFICATION OF UNAUTHORIZED COMPONENTS
RA-5 (8),REVIEW HISTORIC AUDIT LOGS
RA-5 (9),PENETRATION TESTING AND ANALYSES
RA-5 (10),CORRELATE SCANNING INFORMATION
RA-6,TECHNICAL SURVEILLANCE COUNTERMEASURES SURVEY
SA-1,SYSTEM AND SERVICES ACQUISITION POLICY AND PROCEDURES
SA-1a.
SA-1a.1.
SA-1a.2.
SA-1b.
SA-1b.1.
SA-1b.2.
SA-2,ALLOCATION OF RESOURCES
SA-2a.
SA-2b.
SA-2c.
SA-3,SYSTEM DEVELOPMENT LIFE CYCLE
SA-3a.
SA-3b.
SA-3c.
SA-3d.
SA-4,ACQUISITION PROCESS
SA-4a.
SA-4b.
SA-4c.
SA-4d.
SA-4e.
SA-4f.
SA-4g.
SA-4 (1),FUNCTIONAL PROPERTIES OF SECURITY CONTROLS
SA-4 (2),DESIGN / IMPLEMENTATION INFORMATION FOR SECURITY CONTROLS
SA-4 (3),DEVELOPMENT METHODS / TECHNIQUES / PRACTICES
SA-4 (4),ASSIGNMENT OF COMPONENTS TO SYSTEMS
SA-4 (5),SYSTEM / COMPONENT / SERVICE CONFIGURATIONS
SA-4 (5)(a)
SA-4 (5)(b)
SA-4 (6),USE OF INFORMATION ASSURANCE PRODUCTS
SA-4 (6)(a)
SA-4 (6)(b)
SA-4 (7),NIAP-APPROVED  PROTECTION PROFILES
SA-4 (7)(a)
SA-4 (7)(b)
SA-4 (8),CONTINUOUS MONITORING PLAN
SA-4 (9),FUNCTIONS / PORTS / PROTOCOLS / SERVICES IN USE
SA-4 (10),USE OF APPROVED PIV PRODUCTS
SA-5,INFORMATION SYSTEM DOCUMENTATION
SA-5a.
SA-5a.1.
SA-5a.2.
SA-5a.3.
SA-5b.
SA-5b.1.
SA-5b.2.
SA-5b.3.
SA-5c.
SA-5d.
SA-5e.
SA-5 (1),FUNCTIONAL PROPERTIES OF SECURITY CONTROLS
SA-5 (2),SECURITY-RELEVANT EXTERNAL SYSTEM INTERFACES
SA-5 (3),HIGH-LEVEL DESIGN
SA-5 (4),LOW-LEVEL DESIGN
SA-5 (5),SOURCE CODE
SA-6,SOFTWARE USAGE RESTRICTIONS
SA-7,USER-INSTALLED SOFTWARE
SA-8,SECURITY ENGINEERING PRINCIPLES
SA-9,EXTERNAL INFORMATION SYSTEM SERVICES
SA-9a.
SA-9b.
SA-9c.
SA-9 (1),RISK ASSESSMENTS / ORGANIZATIONAL APPROVALS
SA-9 (1)(a)
SA-9 (1)(b)
SA-9 (2),IDENTIFICATION OF FUNCTIONS / PORTS / PROTOCOLS / SERVICES
SA-9 (3),ESTABLISH / MAINTAIN TRUST RELATIONSHIP WITH PROVIDERS
SA-9 (4),CONSISTENT INTERESTS OF CONSUMERS AND PROVIDERS
SA-9 (5),PROCESSING, STORAGE, AND SERVICE LOCATION
SA-10,DEVELOPER CONFIGURATION MANAGEMENT
SA-10a.
SA-10b.
SA-10c.
SA-10d.
SA-10e.
SA-10 (1),SOFTWARE / FIRMWARE INTEGRITY VERIFICATION
SA-10 (2),ALTERNATIVE CONFIGURATION MANAGEMENT PROCESSES
SA-10 (3),HARDWARE INTEGRITY VERIFICATION
SA-10 (4),TRUSTED GENERATION
SA-10 (5),MAPPING INTEGRITY FOR VERSION CONTROL
SA-10 (6),TRUSTED DISTRIBUTION
SA-11,DEVELOPER SECURITY TESTING AND EVALUATION
SA-11a.
SA-11b.
SA-11c.
SA-11d.
SA-11e.
SA-11 (1),STATIC CODE ANALYSIS
SA-11 (2),THREAT AND VULNERABILITY ANALYSES
SA-11 (3),INDEPENDENT VERIFICATION OF ASSESSMENT PLANS / EVIDENCE
SA-11 (3)(a)
SA-11 (3)(b)
SA-11 (4),MANUAL CODE REVIEWS
SA-11 (5),PENETRATION TESTING
SA-11 (6),ATTACK SURFACE REVIEWS
SA-11 (7),VERIFY SCOPE OF TESTING / EVALUATION
SA-11 (8),DYNAMIC CODE ANALYSIS
SA-12,SUPPLY CHAIN PROTECTION
SA-12 (1),ACQUISITION STRATEGIES / TOOLS / METHODS
SA-12 (2),SUPPLIER REVIEWS
SA-12 (3),TRUSTED SHIPPING AND WAREHOUSING
SA-12 (4),DIVERSITY OF SUPPLIERS
SA-12 (5),LIMITATION OF HARM
SA-12 (6),MINIMIZING PROCUREMENT TIME
SA-12 (7),ASSESSMENTS PRIOR TO SELECTION / ACCEPTANCE / UPDATE
SA-12 (8),USE OF ALL-SOURCE INTELLIGENCE
SA-12 (9),OPERATIONS SECURITY
SA-12 (10),VALIDATE AS GENUINE AND NOT ALTERED
SA-12 (11),PENETRATION TESTING / ANALYSIS OF ELEMENTS, PROCESSES, AND ACTORS
SA-12 (12),INTER-ORGANIZATIONAL AGREEMENTS
SA-12 (13),CRITICAL INFORMATION SYSTEM COMPONENTS
SA-12 (14),IDENTITY AND TRACEABILITY
SA-12 (15),PROCESSES TO ADDRESS WEAKNESSES OR DEFICIENCIES
SA-13,TRUSTWORTHINESS
SA-13a.
SA-13b.
SA-14,CRITICALITY ANALYSIS
SA-14 (1),CRITICAL COMPONENTS WITH  NO VIABLE ALTERNATIVE SOURCING
SA-15,DEVELOPMENT PROCESS, STANDARDS, AND TOOLS
SA-15a.
SA-15a.1.
SA-15a.2.
SA-15a.3.
SA-15a.4.
SA-15b.
SA-15 (1),QUALITY METRICS
SA-15 (1)(a)
SA-15 (1)(b)
SA-15 (2),SECURITY TRACKING TOOLS
SA-15 (3),CRITICALITY ANALYSIS
SA-15 (4),THREAT MODELING / VULNERABILITY ANALYSIS
SA-15 (4)(a)
SA-15 (4)(b)
SA-15 (4)(c)
SA-15 (5),ATTACK SURFACE REDUCTION
SA-15 (6),CONTINUOUS IMPROVEMENT
SA-15 (7),AUTOMATED VULNERABILITY ANALYSIS
SA-15 (7)(a)
SA-15 (7)(b)
SA-15 (7)(c)
SA-15 (7)(d)
SA-15 (8),REUSE OF THREAT / VULNERABILITY INFORMATION
SA-15 (9),USE OF LIVE DATA
SA-15 (10),INCIDENT RESPONSE PLAN
SA-15 (11),ARCHIVE INFORMATION SYSTEM / COMPONENT
SA-16,DEVELOPER-PROVIDED TRAINING
SA-17,DEVELOPER SECURITY ARCHITECTURE AND DESIGN
SA-17a.
SA-17b.
SA-17c.
SA-17 (1),FORMAL POLICY MODEL
SA-17 (1)(a)
SA-17 (1)(b)
SA-17 (2),SECURITY-RELEVANT COMPONENTS
SA-17 (2)(a)
SA-17 (2)(b)
SA-17 (3),FORMAL CORRESPONDENCE
SA-17 (3)(a)
SA-17 (3)(b)
SA-17 (3)(c)
SA-17 (3)(d)
SA-17 (3)(e)
SA-17 (4),INFORMAL CORRESPONDENCE
SA-17 (4)(a)
SA-17 (4)(b)
SA-17 (4)(c)
SA-17 (4)(d)
SA-17 (4)(e)
SA-17 (5),CONCEPTUALLY SIMPLE DESIGN
SA-17 (5)(a)
SA-17 (5)(b)
SA-17 (6),STRUCTURE FOR TESTING
SA-17 (7),STRUCTURE FOR LEAST PRIVILEGE
SA-18,TAMPER RESISTANCE AND DETECTION
SA-18 (1),MULTIPLE PHASES OF SDLC
SA-18 (2),INSPECTION OF INFORMATION SYSTEMS, COMPONENTS, OR DEVICES
SA-19,COMPONENT AUTHENTICITY
SA-19a.
SA-19b.
SA-19 (1),ANTI-COUNTERFEIT TRAINING
SA-19 (2),CONFIGURATION CONTROL FOR COMPONENT SERVICE / REPAIR
SA-19 (3),COMPONENT DISPOSAL
SA-19 (4),ANTI-COUNTERFEIT SCANNING
SA-20,CUSTOMIZED DEVELOPMENT OF CRITICAL COMPONENTS
SA-21,DEVELOPER SCREENING
SA-21a.
SA-21b.
SA-21 (1),VALIDATION OF SCREENING
SA-22,UNSUPPORTED SYSTEM COMPONENTS
SA-22a.
SA-22b.
SA-22 (1),ALTERNATIVE SOURCES FOR CONTINUED SUPPORT
SC-1,SYSTEM AND COMMUNICATIONS PROTECTION POLICY AND PROCEDURES
SC-1a.
SC-1a.1.
SC-1a.2.
SC-1b.
SC-1b.1.
SC-1b.2.
SC-2,APPLICATION PARTITIONING
SC-2 (1),INTERFACES FOR NON-PRIVILEGED USERS
SC-3,SECURITY FUNCTION ISOLATION
SC-3 (1),HARDWARE SEPARATION
SC-3 (2),ACCESS / FLOW CONTROL FUNCTIONS
SC-3 (3),MINIMIZE NONSECURITY FUNCTIONALITY
SC-3 (4),MODULE COUPLING AND COHESIVENESS
SC-3 (5),LAYERED STRUCTURES
SC-4,INFORMATION IN SHARED RESOURCES
SC-4 (1),SECURITY LEVELS
SC-4 (2),PERIODS PROCESSING
SC-5,DENIAL OF SERVICE PROTECTION
SC-5 (1),RESTRICT INTERNAL USERS
SC-5 (2),EXCESS CAPACITY / BANDWIDTH / REDUNDANCY
SC-5 (3),DETECTION / MONITORING
SC-5 (3)(a)
SC-5 (3)(b)
SC-6,RESOURCE AVAILABILITY
SC-7,BOUNDARY PROTECTION
SC-7a.
SC-7b.
SC-7c.
SC-7 (1),PHYSICALLY SEPARATED SUBNETWORKS
SC-7 (2),PUBLIC ACCESS
SC-7 (3),ACCESS POINTS
SC-7 (4),EXTERNAL TELECOMMUNICATIONS SERVICES
SC-7 (4)(a)
SC-7 (4)(b)
SC-7 (4)(c)
SC-7 (4)(d)
SC-7 (4)(e)
SC-7 (5),DENY BY DEFAULT / ALLOW BY EXCEPTION
SC-7 (6),RESPONSE TO RECOGNIZED FAILURES
SC-7 (7),PREVENT SPLIT TUNNELING FOR REMOTE DEVICES
SC-7 (8),ROUTE TRAFFIC TO AUTHENTICATED PROXY SERVERS
SC-7 (9),RESTRICT THREATENING OUTGOING COMMUNICATIONS TRAFFIC
SC-7 (9)(a)
SC-7 (9)(b)
SC-7 (10),PREVENT UNAUTHORIZED EXFILTRATION
SC-7 (11),RESTRICT INCOMING COMMUNICATIONS TRAFFIC
SC-7 (12),HOST-BASED PROTECTION
SC-7 (13),ISOLATION OF SECURITY TOOLS / MECHANISMS / SUPPORT COMPONENTS
SC-7 (14),PROTECTS AGAINST UNAUTHORIZED PHYSICAL CONNECTIONS
SC-7 (15),ROUTE PRIVILEGED NETWORK ACCESSES
SC-7 (16),PREVENT DISCOVERY OF COMPONENTS / DEVICES
SC-7 (17),AUTOMATED ENFORCEMENT OF PROTOCOL FORMATS
SC-7 (18),FAIL SECURE
SC-7 (19),BLOCKS COMMUNICATION FROM NON-ORGANIZATIONALLY CONFIGURED HOSTS
SC-7 (20),DYNAMIC ISOLATION / SEGREGATION
SC-7 (21),ISOLATION OF INFORMATION SYSTEM COMPONENTS
SC-7 (22),SEPARATE SUBNETS FOR CONNECTING TO DIFFERENT SECURITY DOMAINS
SC-7 (23),DISABLE SENDER FEEDBACK ON PROTOCOL VALIDATION FAILURE
SC-8,TRANSMISSION CONFIDENTIALITY AND INTEGRITY
SC-8 (1),CRYPTOGRAPHIC OR ALTERNATE PHYSICAL PROTECTION
SC-8 (2),PRE / POST TRANSMISSION HANDLING
SC-8 (3),CRYPTOGRAPHIC PROTECTION FOR MESSAGE EXTERNALS
SC-8 (4),CONCEAL / RANDOMIZE COMMUNICATIONS
SC-9,TRANSMISSION CONFIDENTIALITY
SC-10,NETWORK DISCONNECT
SC-11,TRUSTED PATH
SC-11 (1),LOGICAL ISOLATION
SC-12,CRYPTOGRAPHIC KEY ESTABLISHMENT AND MANAGEMENT
SC-12 (1),AVAILABILITY
SC-12 (2),SYMMETRIC KEYS
SC-12 (3),ASYMMETRIC KEYS
SC-12 (4),PKI CERTIFICATES
SC-12 (5),PKI CERTIFICATES / HARDWARE TOKENS
SC-13,CRYPTOGRAPHIC PROTECTION
SC-13 (1),FIPS-VALIDATED CRYPTOGRAPHY
SC-13 (2),NSA-APPROVED CRYPTOGRAPHY
SC-13 (3),INDIVIDUALS WITHOUT FORMAL ACCESS  APPROVALS
SC-13 (4),DIGITAL SIGNATURES
SC-14,PUBLIC ACCESS PROTECTIONS
SC-15,COLLABORATIVE COMPUTING DEVICES
SC-15a.
SC-15b.
SC-15 (1),PHYSICAL DISCONNECT
SC-15 (2),BLOCKING INBOUND / OUTBOUND COMMUNICATIONS TRAFFIC
SC-15 (3),DISABLING / REMOVAL IN SECURE WORK AREAS
SC-15 (4),EXPLICITLY INDICATE CURRENT PARTICIPANTS
SC-16,TRANSMISSION OF SECURITY ATTRIBUTES
SC-16 (1),INTEGRITY VALIDATION
SC-17,PUBLIC KEY INFRASTRUCTURE CERTIFICATES
SC-18,MOBILE CODE
SC-18a.
SC-18b.
SC-18c.
SC-18 (1),IDENTIFY UNACCEPTABLE CODE / TAKE CORRECTIVE ACTIONS
SC-18 (2),ACQUISITION / DEVELOPMENT / USE
SC-18 (3),PREVENT DOWNLOADING / EXECUTION
SC-18 (4),PREVENT AUTOMATIC EXECUTION
SC-18 (5),ALLOW EXECUTION ONLY IN CONFINED ENVIRONMENTS
SC-19,VOICE OVER INTERNET PROTOCOL
SC-19a.
SC-19b.
SC-20,SECURE NAME / ADDRESS RESOLUTION SERVICE (AUTHORITATIVE SOURCE)
SC-20a.
SC-20b.
SC-20 (1),CHILD SUBSPACES
SC-20 (2),DATA ORIGIN / INTEGRITY
SC-21,SECURE NAME / ADDRESS RESOLUTION SERVICE (RECURSIVE OR CACHING RESOLVER)
SC-21 (1),DATA ORIGIN / INTEGRITY
SC-22,ARCHITECTURE AND PROVISIONING FOR NAME / ADDRESS RESOLUTION SERVICE
SC-23,SESSION AUTHENTICITY
SC-23 (1),INVALIDATE SESSION IDENTIFIERS AT LOGOUT
SC-23 (2),USER-INITIATED LOGOUTS / MESSAGE DISPLAYS
SC-23 (3),UNIQUE SESSION IDENTIFIERS WITH RANDOMIZATION
SC-23 (4),UNIQUE SESSION IDENTIFIERS WITH RANDOMIZATION
SC-23 (5),ALLOWED CERTIFICATE AUTHORITIES
SC-24,FAIL IN KNOWN STATE
SC-25,THIN NODES
SC-26,HONEYPOTS
SC-26 (1),DETECTION OF MALICIOUS CODE
SC-27,PLATFORM-INDEPENDENT APPLICATIONS
SC-28,PROTECTION OF INFORMATION AT REST
SC-28 (1),CRYPTOGRAPHIC PROTECTION
SC-28 (2),OFF-LINE STORAGE
SC-29,HETEROGENEITY
SC-29 (1),VIRTUALIZATION TECHNIQUES
SC-30,CONCEALMENT AND MISDIRECTION
SC-30 (1),VIRTUALIZATION TECHNIQUES
SC-30 (2),RANDOMNESS
SC-30 (3),CHANGE PROCESSING / STORAGE LOCATIONS
SC-30 (4),MISLEADING INFORMATION
SC-30 (5),CONCEALMENT OF SYSTEM COMPONENTS
SC-31,COVERT CHANNEL ANALYSIS
SC-31a.
SC-31b.
SC-31 (1),TEST COVERT CHANNELS FOR EXPLOITABILITY
SC-31 (2),MAXIMUM BANDWIDTH
SC-31 (3),MEASURE BANDWIDTH IN OPERATIONAL ENVIRONMENTS
SC-32,INFORMATION SYSTEM PARTITIONING
SC-33,TRANSMISSION PREPARATION INTEGRITY
SC-34,NON-MODIFIABLE EXECUTABLE PROGRAMS
SC-34a.
SC-34b.
SC-34 (1),NO WRITABLE STORAGE
SC-34 (2),INTEGRITY PROTECTION / READ-ONLY MEDIA
SC-34 (3),HARDWARE-BASED PROTECTION
SC-34 (3)(a)
SC-34 (3)(b)
SC-35,HONEYCLIENTS
SC-36,DISTRIBUTED PROCESSING AND STORAGE
SC-36 (1),POLLING TECHNIQUES
SC-37,OUT-OF-BAND CHANNELS
SC-37 (1),ENSURE DELIVERY / TRANSMISSION
SC-38,OPERATIONS SECURITY
SC-39,PROCESS ISOLATION
SC-39 (1),HARDWARE SEPARATION
SC-39 (2),THREAD ISOLATION
SC-40,WIRELESS LINK PROTECTION
SC-40 (1),ELECTROMAGNETIC INTERFERENCE
SC-40 (2),REDUCE DETECTION POTENTIAL
SC-40 (3),IMITATIVE OR MANIPULATIVE COMMUNICATIONS DECEPTION
SC-40 (4),SIGNAL PARAMETER IDENTIFICATION
SC-41,PORT AND I/O DEVICE ACCESS
SC-42,SENSOR CAPABILITY AND DATA
SC-42a.
SC-42b.
SC-42 (1),REPORTING TO AUTHORIZED INDIVIDUALS OR ROLES
SC-42 (2),AUTHORIZED USE
SC-42 (3),PROHIBIT USE OF DEVICES
SC-43,USAGE RESTRICTIONS
SC-43a.
SC-43b.
SC-44,DETONATION CHAMBERS
SI-1,SYSTEM AND INFORMATION INTEGRITY POLICY AND PROCEDURES
SI-1a.
SI-1a.1.
SI-1a.2.
SI-1b.
SI-1b.1.
SI-1b.2.
SI-2,FLAW REMEDIATION
SI-2a.
SI-2b.
SI-2c.
SI-2d.
SI-2 (1),CENTRAL MANAGEMENT
SI-2 (2),AUTOMATED FLAW REMEDIATION STATUS
SI-2 (3),TIME TO REMEDIATE FLAWS / BENCHMARKS FOR CORRECTIVE ACTIONS
SI-2 (3)(a)
SI-2 (3)(b)
SI-2 (4),AUTOMATED PATCH MANAGEMENT TOOLS
SI-2 (5),AUTOMATIC SOFTWARE / FIRMWARE UPDATES
SI-2 (6),REMOVAL OF PREVIOUS VERSIONS OF SOFTWARE / FIRMWARE
SI-3,MALICIOUS CODE PROTECTION
SI-3a.
SI-3b.
SI-3c.
SI-3c.1.
SI-3c.2.
SI-3d.
SI-3 (1),CENTRAL MANAGEMENT
SI-3 (2),AUTOMATIC UPDATES
SI-3 (3),NON-PRIVILEGED USERS
SI-3 (4),UPDATES ONLY BY PRIVILEGED USERS
SI-3 (5),PORTABLE STORAGE DEVICES
SI-3 (6),TESTING / VERIFICATION
SI-3 (6)(a)
SI-3 (6)(b)
SI-3 (7),NONSIGNATURE-BASED DETECTION
SI-3 (8),DETECT UNAUTHORIZED COMMANDS
SI-3 (9),AUTHENTICATE REMOTE COMMANDS
SI-3 (10),MALICIOUS CODE ANALYSIS
SI-3 (10)(a)
SI-3 (10)(b)
SI-4,INFORMATION SYSTEM MONITORING
SI-4a.
SI-4a.1.
SI-4a.2.
SI-4b.
SI-4c.
SI-4c.1.
SI-4c.2.
SI-4d.
SI-4e.
SI-4f.
SI-4g.
SI-4 (1),SYSTEM-WIDE INTRUSION DETECTION SYSTEM
SI-4 (2),AUTOMATED TOOLS FOR REAL-TIME ANALYSIS
SI-4 (3),AUTOMATED TOOL INTEGRATION
SI-4 (4),INBOUND AND OUTBOUND COMMUNICATIONS TRAFFIC
SI-4 (5),SYSTEM-GENERATED ALERTS
SI-4 (6),RESTRICT NON-PRIVILEGED USERS
SI-4 (7),AUTOMATED RESPONSE TO SUSPICIOUS EVENTS
SI-4 (8),PROTECTION OF MONITORING INFORMATION
SI-4 (9),TESTING OF MONITORING TOOLS
SI-4 (10),VISIBILITY OF ENCRYPTED COMMUNICATIONS
SI-4 (11),ANALYZE COMMUNICATIONS TRAFFIC ANOMALIES
SI-4 (12),AUTOMATED ALERTS
SI-4 (13),ANALYZE TRAFFIC / EVENT PATTERNS
SI-4 (13)(a)
SI-4 (13)(b)
SI-4 (13)(c)
SI-4 (14),WIRELESS INTRUSION DETECTION
SI-4 (15),WIRELESS TO WIRELINE COMMUNICATIONS
SI-4 (16),CORRELATE MONITORING INFORMATION
SI-4 (17),INTEGRATED SITUATIONAL AWARENESS
SI-4 (18),ANALYZE TRAFFIC / COVERT EXFILTRATION
SI-4 (19),INDIVIDUALS POSING GREATER RISK
SI-4 (20),PRIVILEGED USERS
SI-4 (21),PROBATIONARY PERIODS
SI-4 (22),UNAUTHORIZED NETWORK SERVICES
SI-4 (23),HOST-BASED DEVICES
SI-4 (24),INDICATORS OF COMPROMISE
SI-5,SECURITY ALERTS, ADVISORIES, AND DIRECTIVES
SI-5a.
SI-5b.
SI-5c.
SI-5d.
SI-5 (1),AUTOMATED ALERTS AND ADVISORIES
SI-6,SECURITY FUNCTION VERIFICATION
SI-6a.
SI-6b.
SI-6c.
SI-6d.
SI-6 (1),NOTIFICATION OF FAILED SECURITY TESTS
SI-6 (2),AUTOMATION SUPPORT FOR DISTRIBUTED TESTING
SI-6 (3),REPORT VERIFICATION RESULTS
SI-7,SOFTWARE, FIRMWARE, AND INFORMATION INTEGRITY
SI-7 (1),INTEGRITY CHECKS
SI-7 (2),AUTOMATED NOTIFICATIONS OF INTEGRITY VIOLATIONS
SI-7 (3),CENTRALLY-MANAGED INTEGRITY TOOLS
SI-7 (4),TAMPER-EVIDENT PACKAGING
SI-7 (5),AUTOMATED RESPONSE TO INTEGRITY VIOLATIONS
SI-7 (6),CRYPTOGRAPHIC PROTECTION
SI-7 (7),INTEGRATION OF DETECTION AND RESPONSE
SI-7 (8),AUDITING CAPABILITY FOR SIGNIFICANT EVENTS
SI-7 (9),VERIFY BOOT PROCESS
SI-7 (10),PROTECTION OF BOOT FIRMWARE
SI-7 (11),CONFINED ENVIRONMENTS WITH LIMITED PRIVILEGES
SI-7 (12),INTEGRITY VERIFICATION
SI-7 (13),CODE EXECUTION IN PROTECTED ENVIRONMENTS
SI-7 (14),BINARY OR MACHINE EXECUTABLE CODE
SI-7 (14)(a)
SI-7 (14)(b)
SI-7 (15),CODE AUTHENTICATION
SI-7 (16),TIME LIMIT ON PROCESS EXECUTION W/O SUPERVISION
SI-8,SPAM PROTECTION
SI-8a.
SI-8b.
SI-8 (1),CENTRAL MANAGEMENT
SI-8 (2),AUTOMATIC UPDATES
SI-8 (3),CONTINUOUS LEARNING CAPABILITY
SI-9,INFORMATION INPUT RESTRICTIONS
SI-10,INFORMATION INPUT VALIDATION
SI-10 (1),MANUAL OVERRIDE CAPABILITY
SI-10 (1)(a)
SI-10 (1)(b)
SI-10 (1)(c)
SI-10 (2),REVIEW / RESOLUTION OF ERRORS
SI-10 (3),PREDICTABLE BEHAVIOR
SI-10 (4),REVIEW / TIMING INTERACTIONS
SI-10 (5),RESTRICT INPUTS TO TRUSTED SOURCES AND APPROVED FORMATS
SI-11,ERROR HANDLING
SI-11a.
SI-11b.
SI-12,INFORMATION HANDLING AND RETENTION
SI-13,PREDICTABLE FAILURE PREVENTION
SI-13a.
SI-13b.
SI-13 (1),TRANSFERRING COMPONENT RESPONSIBILITIES
SI-13 (2),TIME LIMIT ON PROCESS EXECUTION WITHOUT SUPERVISION
SI-13 (3),MANUAL TRANSFER BETWEEN COMPONENTS
SI-13 (4),STANDBY COMPONENT INSTALLATION / NOTIFICATION
SI-13 (4)(a)
SI-13 (4)(b)
SI-13 (5),FAILOVER CAPABILITY
SI-14,NON-PERSISTENCE
SI-14 (1),REFRESH FROM TRUSTED SOURCES
SI-15,INFORMATION OUTPUT FILTERING
SI-16,MEMORY PROTECTION
SI-17,FAIL-SAFE PROCEDURES
PM-1,INFORMATION SECURITY PROGRAM PLAN
PM-1a.
PM-1a.1.
PM-1a.2.
PM-1a.3.
PM-1a.4.
PM-1b.
PM-1c.
PM-1d.
PM-2,SENIOR INFORMATION SECURITY OFFICER
PM-3,INFORMATION SECURITY RESOURCES
PM-3a.
PM-3b.
PM-3c.
PM-4,PLAN OF ACTION AND MILESTONES PROCESS
PM-4a.
PM-4a.1.
PM-4a.2.
PM-4a.3.
PM-4b.
PM-5,INFORMATION SYSTEM INVENTORY
PM-6,INFORMATION SECURITY MEASURES OF PERFORMANCE
PM-7,ENTERPRISE ARCHITECTURE
PM-8,CRITICAL INFRASTRUCTURE PLAN
PM-9,RISK MANAGEMENT STRATEGY
PM-9a.
PM-9b.
PM-9c.
PM-10,SECURITY AUTHORIZATION PROCESS
PM-10a.
PM-10b.
PM-10c.
PM-11,MISSION/BUSINESS PROCESS DEFINITION
PM-11a.
PM-11b.
PM-12,INSIDER THREAT PROGRAM
PM-13,INFORMATION SECURITY WORKFORCE
PM-14,TESTING, TRAINING, AND MONITORING
PM-14a.
PM-14a.1.
PM-14a.2.
PM-14b.
PM-15,CONTACTS WITH SECURITY GROUPS AND ASSOCIATIONS
PM-15a.
PM-15b.
PM-15c.
PM-16,THREAT AWARENESS PROGRAM
